name,type,direction,description
consensus_score,float,high,Tanh-transformed quality-weighted consensus probability across the 8 sub-models. Recommended threshold: 0.586.
chembl_single_point_0,float,high,Probability from sub-model trained on ChEMBL single-point low-data catch-all pool of 92 assays (178 compounds). Recommended threshold: 0.537.
chembl_dose_response_0,float,high,Probability from sub-model trained on ChEMBL dose-response signal-based pool of 301 assays (4070 compounds; incl. 1048 added negatives). Recommended threshold: 0.498.
chembl_dose_response_1,float,high,Probability from sub-model trained on ChEMBL dose-response signal-based pool of 347 assays (3180 compounds). Recommended threshold: 0.557.
chembl_dose_response_2,float,high,Probability from sub-model trained on ChEMBL dose-response signal-based pool of 149 assays (1680 compounds; incl. 306 added negatives). Recommended threshold: 0.514.
chembl_dose_response_3,float,high,Probability from sub-model trained on ChEMBL dose-response signal-based pool of 172 assays (1500 compounds; incl. 335 added negatives). Recommended threshold: 0.489.
chembl_dose_response_4,float,high,Probability from sub-model trained on ChEMBL dose-response signal-based pool of 169 assays (1048 compounds; incl. 39 added negatives). Recommended threshold: 0.492.
chembl_dose_response_5,float,high,Probability from sub-model trained on ChEMBL dose-response signal-based pool of 62 assays (798 compounds; incl. 180 added negatives). Recommended threshold: 0.475.
chembl_dose_response_6,float,high,Probability from sub-model trained on ChEMBL dose-response signal-based pool of 35 assays (581 compounds). Recommended threshold: 0.768.
